<?xml version="1.0" encoding="ISO-8859-1" ?>

<!DOCTYPE struts-config PUBLIC
          "-//Apache Software Foundation//DTD Struts Configuration 1.0//EN"
          "http://jakarta.apache.org/struts/dtds/struts-config_1_0.dtd">

<!--
     This is the Struts configuration file for the example application,
     using the proposed new syntax.

     NOTE:  You would only flesh out the details in the "form-bean"
     declarations if you had a generator tool that used them to create
     the corresponding Java classes for you.  Otherwise, you would
     need only the "form-bean" element itself, with the corresponding
     "name" and "type" attributes.
-->


<struts-config>


 
  <!-- ========== Form Bean Definitions =================================== -->
  <form-beans>

    <!-- Logon form bean -->
    <form-bean      name="logonForm"
                    type="edu.harvard.med.hip.metagene.form.LogonForm"/>

    <!-- Customer registration form bean -->
    <form-bean      name="customerRegistrationForm"
                    type="edu.harvard.med.hip.metagene.form.CustomerRegistrationForm"/>

    <!-- Customer registration form bean -->
    <form-bean      name="findRegistrationForm"
                    type="edu.harvard.med.hip.metagene.form.FindRegistrationForm"/>

    <!-- main page form bean -->
    <form-bean      name="mainForm"
                    type="edu.harvard.med.hip.metagene.form.MainForm"/>

    <!-- disease search page form bean -->
    <form-bean      name="diseaseSearchForm"
                    type="edu.harvard.med.hip.metagene.form.DiseaseSearchForm"/>

    <!-- get genes page form bean -->
    <form-bean      name="getGenesForm"
                    type="edu.harvard.med.hip.metagene.form.GetGenesForm"/>

    <!-- get genes page form bean -->
    <form-bean      name="displayLinksForm"
                    type="edu.harvard.med.hip.metagene.form.DisplayLinksForm"/>

    <!-- get medline records disease-gene form bean -->
    <form-bean      name="displayPaperLinksForm"
                    type="edu.harvard.med.hip.metagene.form.DisplayPaperLinksForm"/>

    <!-- get medline records gene-gene form bean -->
    <form-bean      name="displayPaperLinks_GeneGene_Form"
                    type="edu.harvard.med.hip.metagene.form.DisplayPaperLinks_GeneGene_Form"/>

    <!-- get genes page form bean -->
    <form-bean      name="geneSearchForm"
                    type="edu.harvard.med.hip.metagene.form.GeneSearchForm"/>

    <!-- get genes page form bean -->
    <form-bean      name="searchGenesForm"
                    type="edu.harvard.med.hip.metagene.form.SearchGenesForm"/>
   
    <!-- select species for gene-Disease form bean -->
    <form-bean      name="selectSpeciesForGeneForm" 
                    type="edu.harvard.med.hip.metagene.form.SelectSpeciesForGeneForm" />

    <!-- get diseases or genes for non-human gene form bean -->
    <form-bean      name="geneSearchNonhsForm" 
                    type="edu.harvard.med.hip.metagene.form.GeneSearchNonhs_Form" /> 

    <!-- Search multiple disease -->
    <form-bean      name="multipleDiseaseSearchForm"
                    type="edu.harvard.med.hip.metagene.form.MultipleDiseaseSearchForm"/>

    <!-- Search multiple disease -->
    <form-bean      name="selectMeshTermsForm"
                    type="edu.harvard.med.hip.metagene.form.SelectMeshTermsForm"/>

    <!-- Search genes for gene step1 -->   
    <form-bean      name="searchGenesForGeneStep1Form"
                    type="edu.harvard.med.hip.metagene.form.SearchGenesForGene_step1Form"/>

    <!-- Search genes for gene step2 -->   
    <form-bean      name="searchGenesForGeneStep2Form"
                    type="edu.harvard.med.hip.metagene.form.SearchGenesForGene_step2Form"/>


    <!-- chip gene analysis step1 -->
    <form-bean      name="chipGeneAnalysis_1_Form"
                    type="edu.harvard.med.hip.metagene.form.ChipGeneAnalysis_1_Form"/>        

    <!-- chip gene analysis step2 -->   
    <form-bean      name="chipGeneAnalysis_2_Form"
                    type="edu.harvard.med.hip.metagene.form.ChipGeneAnalysis_2_Form"/>
    
    <!-- chip gene analysis step2 -->   
    <form-bean      name="chipGeneAnalysis_2b_Form"
                    type="edu.harvard.med.hip.metagene.form.ChipGeneAnalysis_2b_Form"/>

    <!-- chip gene gene analysis step1 -->
    <form-bean      name="chipGeneGeneAnalysis_1_Form"
                    type="edu.harvard.med.hip.metagene.form.ChipGeneGeneAnalysis_1_Form"/>        

    <!-- chip gene gene analysis step2 -->   
    <form-bean      name="chipGeneGeneAnalysis_2_Form"
                    type="edu.harvard.med.hip.metagene.form.ChipGeneGeneAnalysis_2_Form"/>
    
    <!-- chip gene gene analysis step2 -->   
    <form-bean      name="chipGeneGeneAnalysis_2b_Form"
                    type="edu.harvard.med.hip.metagene.form.ChipGeneGeneAnalysis_2b_Form"/>

  </form-beans>


  <!-- ========== Global Forward Definitions ============================== -->
  <global-forwards>
    <forward    name="login"        path="/login.jsp"/>
    <forward    name="logout"       path="/Logout.do"/>
    <forward    name="home"         path="/overview.jsp"/>
    <forward    name="register"     path="/CustomerRegistration.jsp"/>
    <forward    name="findRegistration" path="/FindRegistration.jsp"/>
    <forward    name="error"        path="/ProcessError.do"/>
  </global-forwards>
  

  <!-- ========== Action Mapping Definitions ============================== -->
  <action-mappings type="org.apache.struts.action.ActionMapping">

    
    <!-- Process a user logon -->
    <action    path="/logon"
               type="edu.harvard.med.hip.metagene.action.LogonAction"
               name="logonForm"
              scope="request"
              input="/login.jsp">
      <forward  name="success"   path="/main.jsp"/>
      <forward  name="failure"  path="/login.jsp"/>
    </action>

    <action path="/Logout" type="edu.harvard.med.hip.metagene.action.LogoutAction">
    <forward name="success" path="/login.jsp" /> 
    </action>

    <!--  Process a customer registration --> 
    <action     path="/CustomerRegistration" 
                type="edu.harvard.med.hip.metagene.action.CustomerRegistrationAction" 
                name="customerRegistrationForm" 
                input="/CustomerRegistration.jsp">
        <forward name="success" path="/RegistrationConfirm.jsp" /> 
        <forward name="failure" path="/CustomerRegistration.jsp" /> 
    </action>

    <!--  Process a find registration --> 
    <action     path="/FindRegistration" 
                type="edu.harvard.med.hip.metagene.action.FindRegistrationAction" 
                name="findRegistrationForm" 
                input="/FindRegistration.jsp">
        <forward name="success" path="/FindRegistrationConfirm.jsp" /> 
        <forward name="failure" path="/FindRegistration.jsp" /> 
    </action>

    <!-- Process a user selection in the main page -->
    <action    path="/main"
               type="edu.harvard.med.hip.metagene.action.MainMenuAction"
               name="mainForm"
              scope="request"
              input="/main.jsp">
      <forward  name="success_disease"   path="/DiseaseSearch.jsp"/>
      <forward  name="success_gene"   path="/SelectSpeciesForGeneDisease.jsp"/>
      <forward  name="success_multi_disease"   path="/MultipleDiseaseSearch.jsp"/>
      <forward  name="success_gene_gene"   path="/SelectSpeciesForGeneGene.jsp"/>
      <forward  name="success_chipGene_disease"  path="/ChipGeneAnalysis_1.jsp" />
      <forward  name="success_chipGene_gene"  path="/ChipGeneGeneAnalysis_1.jsp" />
      <forward  name="failure"  path="/login.jsp"/>
    </action>

    <!-- Process the search term user entered -->
    <action    path="/diseaseSearch"
               type="edu.harvard.med.hip.metagene.action.DiseaseSearchAction"
               name="diseaseSearchForm"
              scope="request"
              input="/DiseaseSearch.jsp">
      <forward  name="success"   path="/GetGenes.jsp"/>
    </action>

    <!-- Process the search term user entered -->
    <action    path="/GetGenes"
               type="edu.harvard.med.hip.metagene.action.GetGenesAction"
               name="getGenesForm"
              scope="request"
              input="/GetGenes.jsp">
      <forward  name="success"   path="/DisplayGenes.jsp"/>
      <forward  name="newsearch"   path="/DiseaseSearch.jsp"/>
    </action>

    <!-- Process the link display -->
    <action    path="/DisplayLinks"
               type="edu.harvard.med.hip.metagene.action.DisplayLinksAction"
               name="displayLinksForm"
              scope="request"
              input="/DisplayGenes.jsp">
      <forward  name="success"   path="/DisplayLinks.jsp"/>
      <forward  name="fail"   path="/DisplayLinksFail.jsp"/>
    </action>

    <!-- Process the medline paper link display -->
    <action    path="/DisplayPaperLinks"
               type="edu.harvard.med.hip.metagene.action.DisplayPaperLinksAction"
               name="displayPaperLinksForm"
               scope="request"
               input="/DisplayChipGenes.jsp">
      <forward  name="success"   path="/DisplayPaperLinks.jsp"/>
    </action>

    <!-- Process the medline paper link display by family term -->
    <action    path="/DisplayPaperLinksByFamily"
               type="edu.harvard.med.hip.metagene.action.DisplayPaperLinksByFamilyAction"
               name="displayPaperLinksForm"
               scope="request"
               input="/DisplayChipGenes.jsp">
      <forward  name="success"   path="/DisplayPaperLinks.jsp"/>
    </action>    

    <!-- Process the gene-gene medline paper link display -->
    <action    path="/DisplayPaperLinks_GeneGene"
               type="edu.harvard.med.hip.metagene.action.DisplayPaperLinks_GeneGene_Action"
               name="displayPaperLinks_GeneGene_Form"
               scope="request"
               input="/DisplayGenesForGene.jsp">
      <forward  name="success"   path="/DisplayPaperLinks_gg.jsp"/>
    </action>

    <!-- Process gene to diseases search -->
    <action     path="/selectSpeciesForGeneDisease"
                type="edu.harvard.med.hip.metagene.action.SelectSpeciesForGeneDiseaseAction"
                name="selectSpeciesForGeneForm"
                scope="request"
                input="/SelectSpeciesForGeneDisease.jsp">
       <forward name="success_hs"  path="/GeneSearch.jsp"/>
       <forward name="success_nonhs" path="/GeneDiseaseSearchNonhs.jsp"/>
    </action>

    <!-- Process human gene to diseases search -->
    <action    path="/GeneSearch"
               type="edu.harvard.med.hip.metagene.action.GeneSearchAction"
               name="geneSearchForm"
              scope="request"
              input="/GeneSearch.jsp">
      <forward  name="success"   path="/SearchGenes.jsp"/>
      <forward  name="failure"   path="/error.do"/>
    </action>

    <!-- Process human gene to diseases search -->
    <action    path="/SearchGenes"
               type="edu.harvard.med.hip.metagene.action.SearchGenesAction"
               name="searchGenesForm"
              scope="request"
              input="/SearchGenes.jsp">
      <forward  name="success"   path="/DisplayDiseases.jsp"/>
      <forward  name="newsearch"   path="/SelectSpeciesForGeneDisease.jsp"/>
    </action>

    <!-- Process nonhuman gene to diseases search -->
    <action    path="/GeneDiseaseSearchNonhs"
               type="edu.harvard.med.hip.metagene.action.GeneDiseaseSearchNonhs_Action"
               name="geneSearchNonhsForm"
               scope="request"
               input="/GeneDiseaseSearchNonhs.jsp">
      <forward  name="success"   path="/DisplayDiseasesFromNonhsGene.jsp"/>
      <forward  name="newsearch"   path="/SelectSpeciesForGeneDisease.jsp"/>
    </action>



    <!-- Search genes in multiple diseases -->
    <action    path="/MultipleDiseaseSearch"
               type="edu.harvard.med.hip.metagene.action.MultipleDiseaseSearchAction"
               name="multipleDiseaseSearchForm"
              scope="request"
              input="/MultipleDiseaseSearch.jsp">
      <forward  name="success"   path="/SelectMeshTerms.jsp"/>
      <forward  name="failure"  path="/FlexError.jsp"/>
    </action>

    <!-- Search genes in multiple diseases -->
    <action    path="/SelectMeshTerms"
               type="edu.harvard.med.hip.metagene.action.SelectMeshTermsAction"
               name="selectMeshTermsForm"
              scope="request"
              input="/SelectMeshTerms.jsp">
      <forward  name="success"   path="/DisplayGenesForDiseases.jsp"/>
      <forward  name="newsearch"   path="/MultipleDiseaseSearch.jsp"/>
    </action>

    <!-- Process searching genes for gene step0 -->
    <action     path="/selectSpeciesForGeneGene"
                type="edu.harvard.med.hip.metagene.action.SelectSpeciesForGeneGeneAction"
                name="selectSpeciesForGeneForm"
                scope="request"
                input="/SelectSpeciesForGeneGene.jsp">
       <forward name="success_hs"  path="/GeneGeneSearch.jsp"/>
       <forward name="success_nonhs" path="/GeneGeneSearchNonhs.jsp"/>
    </action>

    <!-- Process searching genes for gene step1 -->
    <action    path="/SearchGenesForGene_step1"
               type="edu.harvard.med.hip.metagene.action.SearchGenesForGene_step1Action"
               name="searchGenesForGeneStep1Form"
               scope="request"
               input="/GeneGeneSearch.jsp">
      <forward  name="success"   path="/GetGenesForGene.jsp"/>
      <forward  name="failure"   path="error.do"/>
    </action>   

    <!-- Process searching genes for gene step2-->
    <action    path="/SearchGenesForGene_step2"
               type="edu.harvard.med.hip.metagene.action.SearchGenesForGene_step2Action"
               name="searchGenesForGeneStep2Form"
               scope="request"
               input="/GetGenesForGene.jsp">
      <forward  name="success"   path="/DisplayGenesForGene.jsp"/>
      <forward  name="newsearch"   path="/GeneGeneSearch.jsp"/>
    </action>   

    <!-- Process nonhuman gene to genes search -->
    <action    path="/GeneGeneSearchNonhs"
               type="edu.harvard.med.hip.metagene.action.GeneGeneSearchNonhs_Action"
               name="geneSearchNonhsForm"
               scope="request"
               input="/GeneGeneSearchNonhs.jsp">
      <forward  name="success"   path="/DisplayGenesFromNonhsGene.jsp"/>
      <forward  name="newsearch"   path="/SelectSpeciesForGeneGene.jsp"/>
      <forward  name="failure"   path="error.do"/>
    </action>


    <!-- ////////////////////////////////////////////////////////////////////////////////////////////// -->

    <!-- Process MicroArray data analysis step1 -->    
    <action    path="/chipGeneAnalysis_1"
               type="edu.harvard.med.hip.metagene.action.ChipGeneAnalysis_1_Action"
               name="chipGeneAnalysis_1_Form"
               scope="request"
               input="/ChipGeneAnalysis_1.jsp">
      <forward name="success_hs"   path="/ChipGeneAnalysis_2.jsp"/>
      <forward name="success_nonhs" path="/ChipGeneAnalysis_2b.jsp" />
    </action>

    <!-- Process MicroArray data analysis step2 -->    
    <action    path="/chipGeneAnalysis_2"
               type="edu.harvard.med.hip.metagene.action.ChipGeneAnalysis_2_Action"
               name="chipGeneAnalysis_2_Form"
               scope="request"
               input="/ChipGeneAnalysis_2.jsp">      
      <forward  name="success"   path="/DisplayChipGenes.jsp"/>   
    </action>

    <!-- Process MicroArray data analysis step2b -->    
    <action    path="/chipGeneAnalysis_2b"
               type="edu.harvard.med.hip.metagene.action.ChipGeneAnalysis_2b_Action"
               name="chipGeneAnalysis_2b_Form"
               scope="request"
               input="/ChipGeneAnalysis_2b.jsp">      
      <forward  name="success"   path="/DisplayChipGenes_2.jsp"/>   
    </action>

    <!-- Process MicroArray data (2) analysis step1 -->    
    <action    path="/chipGeneGeneAnalysis_1"
               type="edu.harvard.med.hip.metagene.action.ChipGeneGeneAnalysis_1_Action"
               name="chipGeneGeneAnalysis_1_Form"
               scope="request"
               input="/ChipGeneGeneAnalysis_1.jsp">
      <forward name="success_hs"   path="/ChipGeneGeneAnalysis_2.jsp"/>
      <forward name="success_nonhs" path="/ChipGeneGeneAnalysis_2b.jsp" />
    </action>

    <!-- Process MicroArray data (2) analysis step2 -->    
    <action    path="/chipGeneGeneAnalysis_2"
               type="edu.harvard.med.hip.metagene.action.ChipGeneGeneAnalysis_2_Action"
               name="chipGeneGeneAnalysis_2_Form"
               scope="request"
               input="/ChipGeneGeneAnalysis_2.jsp">
      <forward  name="success"   path="/DisplayChipGeneGenes.jsp"/>        
    </action>

    <!-- Process MicroArray data (2) analysis step2b -->    
    <action    path="/chipGeneGeneAnalysis_2b"
               type="edu.harvard.med.hip.metagene.action.ChipGeneGeneAnalysis_2b_Action"
               name="chipGeneGeneAnalysis_2b_Form"
               scope="request"
               input="/ChipGeneGeneAnalysis_2b.jsp">      
      <forward  name="success"   path="/DisplayChipGeneGenes_2.jsp"/>   
    </action>


    <action     path="/ProcessError"
                type="edu.harvard.med.hip.metagene.action.ProcessErrorAction">
       <forward name="displayError" path="/FlexError.jsp"/>                
    </action>

    <!-- The standard administrative actions available with Struts -->
    <!-- These would be either omitted or protected by security -->
    <!-- in a real application deployment -->
    <action    path="/admin/addFormBean"
               type="org.apache.struts.actions.AddFormBeanAction"/>
    <action    path="/admin/addForward"
               type="org.apache.struts.actions.AddForwardAction"/>
    <action    path="/admin/addMapping"
               type="org.apache.struts.actions.AddMappingAction"/>
    <action    path="/admin/reload"
               type="org.apache.struts.actions.ReloadAction"/>
    <action    path="/admin/removeFormBean"
               type="org.apache.struts.actions.RemoveFormBeanAction"/>
    <action    path="/admin/removeForward"
               type="org.apache.struts.actions.RemoveForwardAction"/>
    <action    path="/admin/removeMapping"
               type="org.apache.struts.actions.RemoveMappingAction"/>


  </action-mappings>

</struts-config>
